PSC,Okres,Kraj
10000,3100,PR
10100,3100,PR
10200,3100,PR
10300,3100,PR
10400,3100,PR
10600,3100,PR
10700,3100,PR
10800,3100,PR
10900,3100,PR
11000,3100,PR
11101,3100,PR
11800,3100,PR
11900,3100,PR
12000,3100,PR
12800,3100,PR
13000,3100,PR
14000,3100,PR
14100,3100,PR
14200,3100,PR
14300,3100,PR
14700,3100,PR
14800,3100,PR
14900,3100,PR
14900,3210,ST
15000,3100,PR
15200,3100,PR
15300,3100,PR
15400,3100,PR
15500,3100,PR
15521,3100,PR
15531,3100,PR
15600,3100,PR
15800,3100,PR
15900,3100,PR
16000,3100,PR
16100,3100,PR
16200,3100,PR
16300,3100,PR
16400,3100,PR
16500,3100,PR
16900,3100,PR
17000,3100,PR
17100,3100,PR
18000,3100,PR
18100,3100,PR
18200,3100,PR
18400,3100,PR
18600,3100,PR
19000,3100,PR
19011,3100,PR
19012,3100,PR
19014,3100,PR
19015,3100,PR
19016,3100,PR
19017,3100,PR
19300,3100,PR
19600,3100,PR
19700,3100,PR
19800,3100,PR
19900,3100,PR
25001,3209,ST
25061,3209,ST
25063,3206,ST
25063,3209,ST
25064,3209,ST
25065,3209,ST
25066,3209,ST
25067,3209,ST
25068,3209,ST
25069,3209,ST
25070,3206,ST
25070,3209,ST
25072,3206,ST
25072,3209,ST
25073,3209,ST
25074,3209,ST
25075,3209,ST
25081,3209,ST
25082,3204,ST
25082,3209,ST
25083,3209,ST
25084,3209,ST
25085,3209,ST
25087,3209,ST
25088,3209,ST
25089,3209,ST
25090,3209,ST
25091,3209,ST
25092,3209,ST
25101,3209,ST
25162,3209,ST
25163,3209,ST
25164,3209,ST
25165,3209,ST
25166,3209,ST
25167,3201,ST
25167,3209,ST
25168,3201,ST
25168,3209,ST
25169,3209,ST
25202,3210,ST
25203,3210,ST
25204,3210,ST
25205,3210,ST
25206,3210,ST
25207,3210,ST
25208,3201,ST
25208,3210,ST
25209,3210,ST
25210,3210,ST
25210,3211,ST
25216,3210,ST
25217,3210,ST
25218,3210,ST
25219,3210,ST
25225,3210,ST
25226,3100,PR
25226,3210,ST
25228,3100,PR
25228,3210,ST
25229,3210,ST
25230,3202,ST
25230,3210,ST
25231,3210,ST
25241,3210,ST
25242,3210,ST
25243,3210,ST
25244,3210,ST
25245,3210,ST
25246,3210,ST
25250,3210,ST
25261,3210,ST
25262,3210,ST
25263,3210,ST
25264,3210,ST
25265,3210,ST
25266,3209,ST
25266,3210,ST
25267,3210,ST
25268,3210,ST
25281,3210,ST
25282,3210,ST
25301,3210,ST
25303,3210,ST
25401,3210,ST
25601,3201,ST
25701,3201,ST
25703,3201,ST
25705,3201,ST
25706,3201,ST
25708,3201,ST
25709,3201,ST
25721,3201,ST
25722,3201,ST
25723,3201,ST
25724,3201,ST
25726,3201,ST
25728,3201,ST
25741,3201,ST
25742,3201,ST
25744,3201,ST
25751,3201,ST
25753,3201,ST
25755,3201,ST
25756,3201,ST
25763,3201,ST
25764,3201,ST
25765,3201,ST
25766,3201,ST
25768,3201,ST
25768,3205,ST
25771,3201,ST
25786,3201,ST
25787,3201,ST
25788,3201,ST
25789,3201,ST
25791,3201,ST
25791,3211,ST
25801,3201,ST
25901,3201,ST
26101,3211,ST
26202,3211,ST
26203,3210,ST
26203,3211,ST
26204,3211,ST
26205,3210,ST
26205,3211,ST
26206,3211,ST
26211,3211,ST
26212,3211,ST
26213,3211,ST
26214,3211,ST
26215,3211,ST
26221,3211,ST
26222,3211,ST
26223,3211,ST
26225,3211,ST
26231,3211,ST
26232,3211,ST
26241,3211,ST
26242,3211,ST
26242,3307,JC
26243,3211,ST
26244,3211,ST
26251,3211,ST
26252,3211,ST
26255,3211,ST
26256,3211,ST
26261,3211,ST
26262,3211,ST
26263,3211,ST
26272,3211,ST
26281,3211,ST
26284,3211,ST
26285,3211,ST
26291,3211,ST
26293,3211,ST
26301,3211,ST
26401,3211,ST
26601,3202,ST
26701,3202,ST
26703,3202,ST
26705,3202,ST
26706,3202,ST
26707,3202,ST
26711,3202,ST
26712,3202,ST
26716,3202,ST
26717,3202,ST
26718,3202,ST
26721,3202,ST
26722,3202,ST
26723,3202,ST
26724,3202,ST
26725,3202,ST
26726,3202,ST
26727,3202,ST
26728,3202,ST
26729,3202,ST
26741,3202,ST
26742,3202,ST
26743,3202,ST
26751,3202,ST
26753,3202,ST
26754,3202,ST
26761,3202,ST
26762,3202,ST
26763,3202,ST
26764,3202,ST
26801,3202,ST
26901,3212,ST
27001,3212,ST
27002,3212,ST
27004,3212,ST
27006,3212,ST
27007,3212,ST
27008,3212,ST
27009,3212,ST
27021,3212,ST
27023,3212,ST
27024,3212,ST
27031,3212,ST
27032,3212,ST
27033,3212,ST
27034,3212,ST
27035,3212,ST
27036,3212,ST
27041,3212,ST
27042,3212,ST
27051,3212,ST
27052,3212,ST
27053,3212,ST
27054,3212,ST
27055,3212,ST
27061,3203,ST
27062,3212,ST
27064,3212,ST
27065,3212,ST
27101,3203,ST
27101,3212,ST
27201,3203,ST
27203,3203,ST
27204,3203,ST
27301,3203,ST
27302,3203,ST
27303,3203,ST
27304,3203,ST
27305,3203,ST
27306,3203,ST
27307,3203,ST
27308,3203,ST
27309,3203,ST
27321,3203,ST
27322,3203,ST
27323,3203,ST
27324,3203,ST
27325,3203,ST
27326,3203,ST
27326,3206,ST
27327,3203,ST
27328,3203,ST
27329,3203,ST
27341,3203,ST
27342,3203,ST
27343,3203,ST
27345,3203,ST
27351,3203,ST
27351,3210,ST
27353,3203,ST
27354,3203,ST
27361,3203,ST
27362,3203,ST
27363,3203,ST
27364,3203,ST
27371,3203,ST
27372,3203,ST
27373,3203,ST
27374,3203,ST
27375,3203,ST
27376,3203,ST
27377,3203,ST
27378,3203,ST
27379,3203,ST
27401,3203,ST
27601,3206,ST
27701,3206,ST
27703,3206,ST
27704,3206,ST
27705,3206,ST
27706,3206,ST
27707,3206,ST
27708,3206,ST
27711,3206,ST
27713,3206,ST
27713,3209,ST
27714,3206,ST
27714,3209,ST
27715,3206,ST
27716,3206,ST
27721,3206,ST
27723,3206,ST
27724,3206,ST
27731,3206,ST
27732,3206,ST
27733,3206,ST
27734,3206,ST
27735,3206,ST
27736,3206,ST
27737,3206,ST
27738,3206,ST
27741,3206,ST
27742,3206,ST
27743,3206,ST
27744,3206,ST
27745,3206,ST
27746,3206,ST
27751,3206,ST
27752,3206,ST
27801,3206,ST
28002,3204,ST
28101,3204,ST
28102,3204,ST
28103,3204,ST
28104,3204,ST
28106,3204,ST
28107,3204,ST
28121,3204,ST
28123,3204,ST
28125,3204,ST
28126,3204,ST
28126,3606,PA
28127,3204,ST
28128,3204,ST
28129,3204,ST
28130,3204,ST
28141,3204,ST
28143,3204,ST
28144,3204,ST
28146,3204,ST
28151,3204,ST
28151,3208,ST
28161,3204,ST
28162,3209,ST
28163,3204,ST
28163,3209,ST
28166,3209,ST
28167,3209,ST
28171,3204,ST
28201,3204,ST
28401,3205,ST
28403,3205,ST
28404,3205,ST
28501,3205,ST
28502,3205,ST
28504,3204,ST
28504,3205,ST
28506,3205,ST
28506,3201,ST
28507,3205,ST
28509,3205,ST
28510,3205,ST
28511,3205,ST
28521,3205,ST
28522,3205,ST
28523,3205,ST
28525,3205,ST
28531,3205,ST
28532,3205,ST
28533,3205,ST
28541,3205,ST
28542,3205,ST
28543,3205,ST
28545,3205,ST
28546,3205,ST
28547,3205,ST
28561,3205,ST
28562,3205,ST
28563,3205,ST
28564,3205,ST
28565,3205,ST
28571,3205,ST
28572,3205,ST
28573,3205,ST
28574,3205,ST
28575,3205,ST
28576,3205,ST
28601,3205,ST
28802,3208,ST
28901,3208,ST
28902,3208,ST
28903,3208,ST
28904,3208,ST
28905,3204,ST
28905,3208,ST
28906,3208,ST
28907,3208,ST
28908,3208,ST
28911,3204,ST
28911,3208,ST
28912,3208,ST
28913,3208,ST
28914,3204,ST
28914,3208,ST
28915,3204,ST
28915,3208,ST
28916,3208,ST
28917,3208,ST
28921,3208,ST
28922,3208,ST
28923,3208,ST
28924,3208,ST
28925,3208,ST
28926,3208,ST
28931,3208,ST
28932,3208,ST
28933,3208,ST
28934,3208,ST
28935,3208,ST
28936,3208,ST
28937,3208,ST
28941,3208,ST
28941,3204,ST
29001,3208,ST
29301,3207,ST
29306,3207,ST
29307,3207,ST
29401,3207,ST
29402,3207,ST
29403,3207,ST
29404,3207,ST
29404,3604,KR
29405,3207,ST
29406,3207,ST
29411,3207,ST
29412,3207,ST
29413,3207,ST
29413,3505,LI
29414,3207,ST
29415,3207,ST
29421,3207,ST
29423,3207,ST
29424,3207,ST
29425,3207,ST
29426,3207,ST
29427,3207,ST
29428,3207,ST
29429,3207,ST
29430,3207,ST
29431,3207,ST
29441,3207,ST
29442,3207,ST
29443,3207,ST
29445,3207,ST
29446,3207,ST
29447,3207,ST
29448,3207,ST
29471,3207,ST
29473,3207,ST
29474,3207,ST
29474,3209,ST
29475,3207,ST
29476,3209,ST
29477,3207,ST
29478,3207,ST
29479,3207,ST
29501,3501,LI
29501,3207,ST
30100,3405,PL
31200,3405,PL
31600,3405,PL
31800,3405,PL
32100,3405,PL
32100,3406,PL
32200,3405,PL
32300,3405,PL
32600,3405,PL
33001,3405,PL
33002,3405,PL
33003,3405,PL
33005,3407,PL
33007,3407,PL
33008,3407,PL
33011,3407,PL
33012,3407,PL
33013,3407,PL
33014,3407,PL
33016,3407,PL
33017,3407,PL
33021,3407,PL
33022,3407,PL
33023,3407,PL
33023,3410,PL
33024,3407,PL
33025,3407,PL
33026,3407,PL
33027,3407,PL
33032,3407,PL
33033,3407,PL
33035,3407,PL
33036,3407,PL
33038,3407,PL
33040,3407,PL
33041,3407,PL
33101,3407,PL
33141,3407,PL
33141,3408,PL
33144,3407,PL
33151,3407,PL
33152,3407,PL
33162,3407,PL
33165,3407,PL
33201,3405,PL
33202,3405,PL
33203,3405,PL
33204,3405,PL
33204,3406,PL
33205,3405,PL
33207,3406,PL
33209,3405,PL
33209,3406,PL
33211,3406,PL
33214,3406,PL
33301,3406,PL
33401,3404,PL
33401,3406,PL
33441,3406,PL
33442,3406,PL
33443,3406,PL
33444,3406,PL
33452,3406,PL
33452,3401,PL
33453,3406,PL
33454,3406,PL
33455,3406,PL
33501,3404,PL
33501,3406,PL
33503,3406,PL
33541,3406,PL
33543,3406,PL
33544,3406,PL
33546,3406,PL
33547,3406,PL
33551,3406,PL
33554,3406,PL
33555,3406,PL
33561,3406,PL
33563,3406,PL
33564,3406,PL
33601,3406,PL
33701,3408,PL
33801,3408,PL
33805,3408,PL
33806,3408,PL
33808,3408,PL
33821,3408,PL
33822,3408,PL
33824,3408,PL
33828,3408,PL
33841,3408,PL
33842,3408,PL
33843,3406,PL
33843,3408,PL
33844,3408,PL
33845,3408,PL
33901,3404,PL
34004,3404,PL
34012,3404,PL
34012,3406,PL
34021,3404,PL
34022,3404,PL
34034,3404,PL
34101,3404,PL
34142,3404,PL
34192,3404,PL
34201,3307,JC
34201,3404,PL
34401,3401,PL
34501,3401,PL
34502,3401,PL
34506,3401,PL
34506,3404,PL
34507,3401,PL
34509,3401,PL
34521,3401,PL
34522,3401,PL
34525,3401,PL
34526,3401,PL
34532,3401,PL
34533,3401,PL
34534,3401,PL
34535,3401,PL
34543,3401,PL
34545,3401,PL
34561,3401,PL
34562,3406,PL
34601,3401,PL
34701,3410,PL
34801,3410,PL
34802,3410,PL
34806,3410,PL
34813,3410,PL
34815,3410,PL
34901,3407,PL
34901,3410,PL
34952,3407,PL
34952,3410,PL
34953,3410,PL
34958,3410,PL
34961,3410,PL
35002,3402,KA
35101,3402,KA
35124,3402,KA
35131,3402,KA
35132,3402,KA
35134,3402,KA
35135,3402,KA
35137,3402,KA
35201,3402,KA
35301,3402,KA
35301,3409,KA
35491,3402,KA
35493,3402,KA
35601,3409,KA
35604,3409,KA
35701,3409,KA
35703,3409,KA
35707,3409,KA
35708,3409,KA
35709,3409,KA
35731,3409,KA
35733,3409,KA
35734,3409,KA
35735,3403,KA
35735,3409,KA
35751,3409,KA
35755,3409,KA
35801,3409,KA
36001,3403,KA
36004,3403,KA
36005,3403,KA
36006,3403,KA
36007,3403,KA
36010,3403,KA
36017,3403,KA
36018,3403,KA
36221,3403,KA
36222,3403,KA
36225,3403,KA
36233,3403,KA
36234,3403,KA
36235,3403,KA
36236,3403,KA
36251,3403,KA
36262,3403,KA
36263,3403,KA
36272,3403,KA
36273,3403,KA
36301,3403,KA
36401,3403,KA
36452,3403,KA
36453,3403,KA
36461,3402,KA
36464,3403,KA
36464,3409,KA
36471,3403,KA
37001,3301,JC
37004,3301,JC
37005,3301,JC
37006,3301,JC
37007,3301,JC
37008,3301,JC
37010,3301,JC
37011,3301,JC
37301,3301,JC
37302,3301,JC
37304,3301,JC
37305,3301,JC
37311,3301,JC
37312,3301,JC
37314,3301,JC
37315,3301,JC
37316,3301,JC
37321,3301,JC
37322,3301,JC
37323,3301,JC
37324,3301,JC
37331,3301,JC
37332,3301,JC
37333,3301,JC
37335,3301,JC
37336,3301,JC
37341,3301,JC
37343,3301,JC
37344,3301,JC
37346,3301,JC
37347,3301,JC
37348,3301,JC
37349,3301,JC
37350,3301,JC
37351,3301,JC
37361,3301,JC
37362,3301,JC
37363,3301,JC
37364,3301,JC
37365,3301,JC
37366,3301,JC
37367,3301,JC
37371,3301,JC
37372,3301,JC
37373,3301,JC
37381,3301,JC
37382,3301,JC
37384,3301,JC
37401,3301,JC
37501,3301,JC
37501,3305,JC
37501,3308,JC
37701,3303,JC
37801,3303,JC
37802,3303,JC
37803,3303,JC
37804,3303,JC
37806,3303,JC
37807,3303,JC
37808,3303,JC
37809,3303,JC
37810,3303,JC
37816,3303,JC
37817,3303,JC
37818,3303,JC
37821,3303,JC
37821,3308,JC
37824,3303,JC
37825,3303,JC
37826,3303,JC
37831,3303,JC
37832,3303,JC
37833,3303,JC
37841,3303,JC
37842,3303,JC
37843,3303,JC
37846,3303,JC
37852,3303,JC
37853,3303,JC
37853,3707,VY
37855,3303,JC
37856,3303,JC
37861,3303,JC
37862,3303,JC
37871,3303,JC
37872,3303,JC
37873,3303,JC
37881,3303,JC
37882,3303,JC
37883,3303,JC
37891,3303,JC
37892,3303,JC
37901,3301,JC
37901,3303,JC
38001,3303,JC
38001,3710,VY
38101,3302,JC
38201,3302,JC
38202,3302,JC
38203,3302,JC
38206,3302,JC
38208,3302,JC
38211,3302,JC
38216,3302,JC
38218,3302,JC
38221,3302,JC
38222,3302,JC
38223,3302,JC
38226,3302,JC
38229,3302,JC
38232,3302,JC
38241,3302,JC
38242,3302,JC
38272,3302,JC
38273,3302,JC
38276,3302,JC
38278,3302,JC
38279,3302,JC
38281,3302,JC
38282,3302,JC
38283,3302,JC
38291,3302,JC
38292,3302,JC
38293,3302,JC
38301,3306,JC
38401,3306,JC
38402,3306,JC
38403,3306,JC
38404,3306,JC
38411,3306,JC
38411,3307,JC
38421,3306,JC
38422,3306,JC
38425,3306,JC
38426,3306,JC
38427,3306,JC
38432,3306,JC
38433,3306,JC
38441,3306,JC
38442,3306,JC
38443,3306,JC
38444,3306,JC
38451,3302,JC
38451,3306,JC
38462,3306,JC
38471,3306,JC
38472,3306,JC
38473,3306,JC
38473,3307,JC
38481,3306,JC
38486,3306,JC
38491,3306,JC
38492,3306,JC
38493,3306,JC
38501,3306,JC
38501,3404,PL
38601,3307,JC
38701,3307,JC
38706,3307,JC
38711,3307,JC
38715,3307,JC
38716,3307,JC
38719,3307,JC
38731,3307,JC
38732,3307,JC
38733,3307,JC
38734,3307,JC
38735,3307,JC
38736,3307,JC
38737,3307,JC
38742,3307,JC
38743,3307,JC
38751,3307,JC
38752,3307,JC
38756,3307,JC
38771,3307,JC
38772,3307,JC
38773,3307,JC
38775,3307,JC
38801,3307,JC
38901,3307,JC
39001,3308,JC
39002,3308,JC
39003,3308,JC
39005,3308,JC
39101,3308,JC
39102,3308,JC
39111,3308,JC
39116,3308,JC
39117,3308,JC
39118,3308,JC
39120,3308,JC
39121,3308,JC
39126,3308,JC
39127,3308,JC
39131,3308,JC
39132,3308,JC
39133,3308,JC
39135,3308,JC
39136,3308,JC
39137,3308,JC
39142,3308,JC
39143,3308,JC
39152,3308,JC
39153,3308,JC
39155,3308,JC
39156,3308,JC
39161,3308,JC
39162,3308,JC
39165,3301,JC
39165,3308,JC
39171,3308,JC
39172,3308,JC
39173,3308,JC
39174,3308,JC
39175,3308,JC
39176,3308,JC
39181,3308,JC
39201,3308,JC
39301,3304,VY
39401,3304,VY
39403,3304,VY
39404,3304,VY
39405,3304,VY
39409,3304,VY
39411,3304,VY
39412,3304,VY
39413,3304,VY
39414,3304,VY
39415,3304,VY
39421,3304,VY
39422,3304,VY
39424,3304,VY
39426,3304,VY
39427,3304,VY
39428,3304,VY
39443,3304,VY
39444,3304,VY
39445,3304,VY
39446,3304,VY
39451,3304,VY
39452,3304,VY
39456,3304,VY
39459,3304,VY
39461,3304,VY
39462,3304,VY
39463,3304,VY
39464,3304,VY
39468,3304,VY
39470,3304,VY
39491,3304,VY
39492,3304,VY
39493,3304,VY
39494,3304,VY
39495,3304,VY
39496,3304,VY
39501,3304,VY
39501,3308,JC
39601,3304,VY
39701,3305,JC
39801,3305,JC
39804,3305,JC
39806,3305,JC
39807,3305,JC
39811,3305,JC
39815,3305,JC
39816,3305,JC
39817,3305,JC
39818,3305,JC
39819,3305,JC
39821,3305,JC
39822,3305,JC
39831,3305,JC
39832,3305,JC
39833,3305,JC
39834,3305,JC
39835,3305,JC
39842,3305,JC
39843,3305,JC
39847,3305,JC
39848,3305,JC
39851,3305,JC
39852,3308,JC
39853,3305,JC
39855,3305,JC
39858,3305,JC
39859,3305,JC
39901,3305,JC
39901,3308,JC
39901,3211,ST
40001,3510,US
40002,3510,US
40003,3510,US
40004,3510,US
40007,3510,US
40010,3510,US
40011,3510,US
40301,3510,US
40302,3510,US
40313,3510,US
40317,3509,US
40317,3510,US
40321,3510,US
40322,3510,US
40323,3510,US
40327,3510,US
40331,3510,US
40332,3510,US
40334,3510,US
40335,3510,US
40336,3510,US
40337,3510,US
40338,3510,US
40339,3510,US
40340,3510,US
40502,3502,US
40505,3502,US
40701,3502,US
40702,3502,US
40703,3502,US
40711,3502,US
40713,3502,US
40714,3502,US
40715,3502,US
40716,3502,US
40717,3502,US
40721,3502,US
40722,3502,US
40723,3502,US
40724,3502,US
40725,3502,US
40729,3502,US
40741,3502,US
40742,3502,US
40744,3502,US
40745,3502,US
40746,3502,US
40747,3502,US
40751,3502,US
40752,3502,US
40753,3502,US
40755,3502,US
40756,3502,US
40757,3502,US
40760,3502,US
40761,3502,US
40777,3502,US
40778,3502,US
40779,3502,US
40780,3502,US
40781,3502,US
40782,3502,US
40784,3502,US
40801,3502,US
41002,3506,US
41101,3506,US
41103,3506,US
41108,3506,US
41111,3506,US
41112,3506,US
41113,3506,US
41114,3506,US
41115,3506,US
41116,3506,US
41117,3506,US
41118,3506,US
41119,3506,US
41120,3506,US
41121,3506,US
41131,3506,US
41132,3506,US
41133,3506,US
41141,3506,US
41142,3506,US
41145,3506,US
41146,3506,US
41147,3506,US
41148,3506,US
41155,3506,US
41156,3506,US
41162,3506,US
41164,3506,US
41171,3506,US
41172,3506,US
41173,3506,US
41174,3506,US
41181,3506,US
41182,3506,US
41183,3506,US
41184,3506,US
41185,3506,US
41186,3506,US
41187,3506,US
41201,3506,US
41301,3506,US
41501,3509,US
41503,3509,US
41510,3509,US
41701,3509,US
41702,3509,US
41703,3509,US
41704,3509,US
41705,3509,US
41712,3509,US
41713,3509,US
41722,3509,US
41723,3509,US
41724,3509,US
41725,3509,US
41731,3509,US
41741,3509,US
41742,3509,US
41752,3509,US
41753,3509,US
41754,3509,US
41757,3509,US
41761,3509,US
41762,3509,US
41763,3509,US
41765,3509,US
41771,3509,US
41772,3509,US
41781,3509,US
41801,3509,US
41804,3509,US
41901,3509,US
43001,3503,US
43003,3503,US
43004,3503,US
43101,3503,US
43102,3503,US
43111,3503,US
43114,3503,US
43115,3503,US
43121,3503,US
43132,3503,US
43141,3503,US
43143,3503,US
43144,3503,US
43145,3503,US
43151,3403,KA
43151,3503,US
43153,3503,US
43154,3503,US
43155,3503,US
43156,3503,US
43157,3503,US
43158,3503,US
43159,3503,US
43163,3503,US
43182,3503,US
43183,3503,US
43184,3503,US
43186,3503,US
43191,3503,US
43201,3503,US
43401,3508,US
43501,3508,US
43502,3508,US
43511,3508,US
43513,3508,US
43521,3508,US
43522,3508,US
43524,3508,US
43526,3508,US
43532,3508,US
43533,3508,US
43542,3508,US
43543,3508,US
43545,3508,US
43546,3508,US
43547,3508,US
43601,3508,US
43603,3508,US
43801,3503,US
43801,3507,US
43901,3507,US
43902,3507,US
43903,3507,US
43904,3507,US
43905,3507,US
43906,3507,US
43907,3507,US
43908,3507,US
43909,3507,US
43914,3507,US
43915,3507,US
43921,3507,US
43922,3507,US
43923,3507,US
43924,3507,US
43926,3507,US
43931,3507,US
43942,3507,US
43949,3507,US
43963,3507,US
43965,3507,US
43967,3507,US
43968,3507,US
43969,3507,US
43971,3507,US
43972,3507,US
43975,3507,US
43981,3507,US
43982,3507,US
43983,3507,US
43984,3507,US
43985,3507,US
43986,3507,US
43987,3507,US
43988,3507,US
44001,3507,US
44101,3403,KA
44101,3503,US
44101,3507,US
46001,3505,LI
46005,3505,LI
46006,3505,LI
46007,3505,LI
46008,3505,LI
46010,3505,LI
46014,3505,LI
46015,3505,LI
46303,3505,LI
46311,3505,LI
46312,3505,LI
46331,3505,LI
46334,3505,LI
46342,3504,LI
46342,3505,LI
46343,3505,LI
46344,3505,LI
46345,3505,LI
46346,3505,LI
46348,3505,LI
46352,3501,LI
46352,3505,LI
46353,3505,LI
46362,3505,LI
46365,3505,LI
46373,3505,LI
46401,3505,LI
46601,3504,LI
46602,3504,LI
46604,3504,LI
46605,3504,LI
46606,3504,LI
46801,3504,LI
46802,3504,LI
46803,3504,LI
46804,3504,LI
46811,3504,LI
46812,3504,LI
46821,3504,LI
46822,3504,LI
46824,3504,LI
46825,3504,LI
46826,3504,LI
46827,3504,LI
46833,3504,LI
46841,3504,LI
46843,3504,LI
46844,3504,LI
46845,3504,LI
46846,3504,LI
46847,3504,LI
46848,3504,LI
46849,3504,LI
46850,3504,LI
46851,3504,LI
46861,3504,LI
46871,3504,LI
47001,3501,LI
47002,3501,LI
47006,3501,LI
47101,3501,LI
47102,3501,LI
47103,3501,LI
47104,3501,LI
47105,3501,LI
47106,3501,LI
47107,3501,LI
47108,3501,LI
47111,3501,LI
47112,3501,LI
47113,3501,LI
47114,3501,LI
47115,3501,LI
47116,3501,LI
47117,3501,LI
47118,3501,LI
47121,3501,LI
47123,3501,LI
47124,3501,LI
47125,3501,LI
47125,3505,LI
47126,3501,LI
47127,3501,LI
47128,3501,LI
47129,3501,LI
47141,3501,LI
47151,3501,LI
47152,3501,LI
47153,3501,LI
47154,3501,LI
47155,3501,LI
47156,3501,LI
47157,3501,LI
47158,3501,LI
47161,3501,LI
47162,3501,LI
47163,3501,LI
47167,3501,LI
47201,3501,LI
47301,3501,LI
50002,3602,KR
50003,3602,KR
50004,3602,KR
50006,3602,KR
50008,3602,KR
50009,3602,KR
50011,3602,KR
50012,3602,KR
50301,3602,KR
50302,3602,KR
50303,3602,KR
50304,3602,KR
50305,3602,KR
50306,3602,KR
50311,3602,KR
50312,3602,KR
50313,3602,KR
50314,3602,KR
50315,3602,KR
50316,3602,KR
50321,3602,KR
50322,3602,KR
50323,3602,KR
50324,3602,KR
50325,3602,KR
50326,3602,KR
50327,3602,KR
50331,3602,KR
50332,3602,KR
50333,3602,KR
50341,3602,KR
50343,3602,KR
50344,3602,KR
50346,3602,KR
50346,3607,KR
50351,3208,ST
50351,3602,KR
50352,3602,KR
50353,3602,KR
50354,3602,KR
50355,3602,KR
50356,3602,KR
50357,3602,KR
50361,3602,KR
50362,3602,KR
50363,3602,KR
50364,3602,KR
50365,3602,KR
50366,3602,KR
50401,3602,KR
50601,3608,LI
50601,3604,KR
50702,3604,KR
50703,3602,KR
50703,3604,KR
50704,3604,KR
50705,3604,KR
50706,3604,KR
50707,3604,KR
50711,3604,KR
50712,3604,KR
50713,3604,KR
50713,3608,LI
50715,3604,KR
50721,3604,KR
50722,3604,KR
50723,3604,KR
50724,3604,KR
50731,3604,KR
50732,3604,KR
50733,3604,KR
50734,3604,KR
50742,3604,KR
50743,3604,KR
50744,3604,KR
50745,3604,KR
50752,3604,KR
50753,3604,KR
50754,3604,KR
50758,3604,KR
50759,3604,KR
50771,3604,KR
50773,3604,KR
50777,3604,KR
50781,3604,KR
50782,3604,KR
50791,3604,KR
50791,3608,LI
50792,3604,KR
50801,3604,KR
50901,3604,KR
51101,3608,LI
51201,3608,LI
51202,3608,LI
51203,3608,LI
51204,3608,LI
51206,3608,LI
51211,3608,LI
51212,3608,LI
51213,3608,LI
51231,3608,LI
51232,3608,LI
51233,3608,LI
51234,3608,LI
51235,3608,LI
51236,3608,LI
51237,3608,LI
51238,3608,LI
51241,3608,LI
51242,3608,LI
51243,3608,LI
51244,3608,LI
51245,3608,LI
51246,3504,LI
51247,3608,LI
51251,3608,LI
51252,3608,LI
51253,3608,LI
51261,3608,LI
51263,3604,KR
51263,3608,LI
51264,3608,LI
51265,3608,LI
51271,3608,LI
51301,3608,LI
51401,3608,LI
51601,3607,KR
51603,3607,KR
51701,3607,KR
51702,3607,KR
51703,3607,KR
51704,3607,KR
51711,3607,KR
51712,3607,KR
51721,3607,KR
51722,3607,KR
51723,3607,KR
51724,3607,KR
51725,3607,KR
51731,3607,KR
51732,3607,KR
51733,3607,KR
51734,3607,KR
51735,3607,KR
51736,3607,KR
51741,3607,KR
51741,3611,PA
51742,3607,KR
51743,3607,KR
51745,3607,KR
51750,3607,KR
51754,3607,KR
51755,3607,KR
51756,3607,KR
51757,3607,KR
51761,3607,KR
51761,3611,PA
51764,3607,KR
51771,3602,KR
51771,3607,KR
51772,3602,KR
51773,3607,KR
51783,3607,KR
51784,3607,KR
51791,3607,KR
51792,3607,KR
51793,3607,KR
51801,3607,KR
51803,3607,KR
53002,3606,PA
53003,3606,PA
53006,3606,PA
53009,3606,PA
53012,3606,PA
53301,3606,PA
53303,3606,PA
53304,3606,PA
53305,3606,PA
53311,3606,PA
53312,3606,PA
53313,3606,PA
53314,3606,PA
53315,3606,PA
53316,3606,PA
53321,3606,PA
53322,3606,PA
53332,3606,PA
53333,3606,PA
53341,3606,PA
53342,3606,PA
53343,3606,PA
53344,3606,PA
53345,3606,PA
53351,3606,PA
53352,3606,PA
53353,3606,PA
53354,3606,PA
53361,3606,PA
53362,3606,PA
53363,3606,PA
53364,3606,PA
53371,3606,PA
53372,3606,PA
53373,3606,PA
53374,3606,PA
53375,3606,PA
53401,3606,PA
53401,3611,PA
53501,3606,PA
53701,3603,PA
53703,3603,PA
53705,3603,PA
53801,3603,PA
53802,3603,PA
53803,3603,PA
53804,3603,PA
53805,3603,PA
53807,3603,PA
53821,3603,PA
53823,3603,PA
53824,3603,PA
53825,3603,PA
53826,3603,PA
53831,3603,PA
53832,3603,PA
53833,3603,PA
53834,3603,PA
53835,3603,PA
53836,3603,PA
53841,3603,PA
53842,3603,PA
53843,3603,PA
53845,3603,PA
53851,3603,PA
53854,3603,PA
53854,3611,PA
53861,3603,PA
53862,3603,PA
53863,3603,PA
53863,3611,PA
53864,3603,PA
53865,3611,PA
53901,3601,VY
53901,3603,PA
53941,3603,PA
53942,3603,PA
53943,3603,PA
53944,3603,PA
53944,3609,PA
53944,3611,PA
53945,3611,PA
53952,3603,PA
53953,3603,PA
53955,3603,PA
53956,3603,PA
53957,3603,PA
53961,3603,PA
53962,3603,PA
53971,3603,PA
53972,3603,PA
53973,3603,PA
53974,3603,PA
53976,3603,PA
54101,3610,KR
54102,3610,KR
54103,3610,KR
54201,3610,KR
54203,3610,KR
54204,3610,KR
54211,3610,KR
54212,3610,KR
54213,3610,KR
54221,3610,KR
54223,3610,KR
54224,3610,KR
54225,3610,KR
54226,3610,KR
54227,3610,KR
54232,3605,KR
54232,3610,KR
54233,3610,KR
54234,3610,KR
54235,3610,KR
54236,3610,KR
54237,3610,KR
54242,3610,KR
54301,3610,KR
54302,3610,KR
54303,3610,KR
54341,3610,KR
54342,3610,KR
54344,3610,KR
54351,3610,KR
54352,3610,KR
54361,3610,KR
54362,3610,KR
54371,3610,KR
54372,3610,KR
54373,3610,KR
54374,3610,KR
54375,3610,KR
54376,3610,KR
54377,3610,KR
54401,3610,KR
54404,3610,KR
54442,3610,KR
54443,3605,KR
54443,3610,KR
54451,3610,KR
54452,3610,KR
54454,3610,KR
54455,3610,KR
54461,3610,KR
54462,3610,KR
54464,3610,KR
54466,3610,KR
54472,3610,KR
54474,3610,KR
54475,3610,KR
54477,3610,KR
54701,3605,KR
54901,3605,KR
54901,3607,KR
54906,3605,KR
54907,3605,KR
54908,3605,KR
54911,3605,KR
54912,3605,KR
54921,3605,KR
54922,3605,KR
54923,3605,KR
54931,3605,KR
54932,3605,KR
54934,3605,KR
54936,3605,KR
54937,3605,KR
54941,3605,KR
54941,3610,KR
54946,3605,KR
54947,3605,KR
54948,3605,KR
54952,3605,KR
54954,3605,KR
54955,3605,KR
54956,3605,KR
54957,3605,KR
54962,3605,KR
54963,3605,KR
54964,3605,KR
54971,3605,KR
54972,3605,KR
54973,3605,KR
54974,3605,KR
54981,3605,KR
54982,3605,KR
54983,3605,KR
54984,3605,KR
55001,3605,KR
55101,3605,KR
55102,3605,KR
55203,3605,KR
55204,3605,KR
55205,3605,KR
55211,3605,KR
55212,3605,KR
55221,3605,KR
55222,3605,KR
55224,3605,KR
55225,3605,KR
56002,3609,PA
56002,3611,PA
56101,3611,PA
56102,3611,PA
56112,3611,PA
56113,3611,PA
56114,3611,PA
56115,3611,PA
56116,3611,PA
56117,3611,PA
56118,3609,PA
56122,3611,PA
56123,3611,PA
56124,3611,PA
56125,3611,PA
56131,3611,PA
56132,3611,PA
56133,3611,PA
56134,3611,PA
56141,3611,PA
56151,3611,PA
56152,3611,PA
56153,3611,PA
56154,3611,PA
56155,3611,PA
56156,3611,PA
56161,3611,PA
56162,3611,PA
56163,3611,PA
56164,3611,PA
56165,3611,PA
56166,3611,PA
56167,3611,PA
56168,3611,PA
56169,3611,PA
56170,3611,PA
56181,3611,PA
56182,3611,PA
56184,3611,PA
56185,3611,PA
56186,3611,PA
56201,3611,PA
56203,3611,PA
56204,3611,PA
56206,3611,PA
56301,3609,PA
56301,3611,PA
56401,3611,PA
56501,3611,PA
56542,3611,PA
56543,3611,PA
56544,3611,PA
56552,3611,PA
56553,3609,PA
56555,3611,PA
56601,3611,PA
56802,3609,PA
56901,3609,PA
56902,3609,PA
56903,3609,PA
56904,3609,PA
56905,3609,PA
56906,3609,PA
56907,3609,PA
56911,3609,PA
56912,3609,PA
56914,3609,PA
56921,3609,PA
56922,3609,PA
56923,3609,PA
56924,3609,PA
56932,3609,PA
56933,3609,PA
56934,3609,PA
56935,3609,PA
56941,3609,PA
56942,3609,PA
56943,3609,PA
56944,3609,PA
56951,3609,PA
56953,3609,PA
56955,3609,PA
56956,3609,PA
56957,3609,PA
56961,3609,PA
56962,3609,PA
56963,3609,PA
56965,3609,PA
56966,3609,PA
56967,3609,PA
56971,3609,PA
56972,3609,PA
56973,3609,PA
56974,3609,PA
56982,3603,PA
56982,3609,PA
56991,3609,PA
56992,3609,PA
56993,3609,PA
56994,3609,PA
57001,3609,PA
57101,3609,PA
57201,3609,PA
58001,3601,VY
58221,3601,VY
58222,3601,VY
58223,3601,VY
58224,3601,VY
58231,3601,VY
58232,3601,VY
58233,3601,VY
58234,3601,VY
58235,3601,VY
58241,3601,VY
58242,3601,VY
58243,3601,VY
58244,3601,VY
58245,3601,VY
58251,3601,VY
58252,3601,VY
58253,3601,VY
58254,3601,VY
58255,3601,VY
58256,3601,VY
58257,3601,VY
58261,3601,VY
58262,3601,VY
58263,3601,VY
58264,3601,VY
58265,3601,VY
58266,3601,VY
58271,3601,VY
58272,3601,VY
58273,3601,VY
58274,3601,VY
58276,3601,VY
58277,3601,VY
58281,3601,VY
58282,3601,VY
58283,3601,VY
58286,3601,VY
58287,3601,VY
58291,3601,VY
58292,3601,VY
58293,3601,VY
58294,3601,VY
58301,3601,VY
58401,3601,VY
58601,3707,VY
58603,3707,VY
58801,3707,VY
58805,3707,VY
58811,3707,VY
58812,3707,VY
58813,3707,VY
58821,3707,VY
58822,3707,VY
58823,3707,VY
58824,3707,VY
58825,3707,VY
58826,3707,VY
58827,3707,VY
58827,3714,VY
58831,3707,VY
58832,3707,VY
58833,3707,VY
58834,3707,VY
58835,3707,VY
58841,3707,VY
58842,3707,VY
58844,3707,VY
58845,3707,VY
58851,3707,VY
58852,3707,VY
58854,3707,VY
58856,3707,VY
58861,3707,VY
58862,3707,VY
58864,3707,VY
58865,3707,VY
58866,3707,VY
58867,3707,VY
58901,3707,VY
59101,3714,VY
59102,3714,VY
59201,3714,VY
59202,3714,VY
59203,3714,VY
59204,3714,VY
59211,3714,VY
59212,3714,VY
59213,3714,VY
59214,3714,VY
59221,3714,VY
59231,3714,VY
59232,3714,VY
59233,3714,VY
59241,3714,VY
59242,3714,VY
59244,3714,VY
59245,3714,VY
59251,3714,VY
59252,3714,VY
59253,3714,VY
59254,3714,VY
59255,3714,VY
59256,3714,VY
59257,3714,VY
59261,3703,JM
59262,3703,JM
59262,3714,VY
59263,3714,VY
59264,3714,VY
59265,3714,VY
59266,3714,VY
59301,3701,JM
59301,3714,VY
59401,3714,VY
59441,3714,VY
59442,3714,VY
59444,3714,VY
59445,3714,VY
59451,3703,JM
59451,3714,VY
59452,3714,VY
59453,3703,JM
59453,3714,VY
59454,3714,VY
59455,3703,JM
59456,3703,JM
59457,3714,VY
59458,3714,VY
59461,3714,VY
59501,3714,VY
60200,3702,JM
60300,3702,JM
61200,3702,JM
61300,3702,JM
61400,3702,JM
61500,3702,JM
61600,3702,JM
61700,3702,JM
61800,3702,JM
61900,3702,JM
62000,3702,JM
62100,3702,JM
62300,3702,JM
62400,3702,JM
62500,3702,JM
62700,3702,JM
62700,3703,JM
62800,3702,JM
63400,3702,JM
63500,3702,JM
63600,3702,JM
63700,3702,JM
63800,3702,JM
63900,3702,JM
64100,3702,JM
64200,3702,JM
64300,3702,JM
64400,3702,JM
66401,3703,JM
66402,3703,JM
66403,3703,JM
66404,3703,JM
66405,3703,JM
66406,3703,JM
66407,3703,JM
66408,3703,JM
66411,3703,JM
66412,3703,JM
66417,3703,JM
66423,3703,JM
66424,3703,JM
66431,3703,JM
66432,3703,JM
66434,3703,JM
66441,3703,JM
66442,3702,JM
66442,3703,JM
66443,3703,JM
66444,3703,JM
66446,3703,JM
66447,3703,JM
66448,3703,JM
66449,3703,JM
66451,3703,JM
66452,3703,JM
66453,3703,JM
66454,3703,JM
66455,3703,JM
66456,3703,JM
66457,3703,JM
66458,3703,JM
66459,3703,JM
66461,3703,JM
66462,3703,JM
66463,3703,JM
66464,3703,JM
66465,3703,JM
66466,3703,JM
66467,3703,JM
66471,3702,JM
66471,3703,JM
66475,3703,JM
66481,3702,JM
66481,3703,JM
66482,3703,JM
66483,3703,JM
66484,3703,JM
66488,3703,JM
66491,3703,JM
66501,3703,JM
66601,3703,JM
66602,3703,JM
66603,3703,JM
66701,3703,JM
66902,3713,JM
66904,3713,JM
67101,3713,JM
67102,3713,JM
67103,3713,JM
67106,3713,JM
67107,3713,JM
67110,3713,JM
67122,3713,JM
67124,3713,JM
67125,3713,JM
67126,3713,JM
67127,3713,JM
67128,3713,JM
67129,3713,JM
67131,3713,JM
67132,3713,JM
67133,3713,JM
67134,3713,JM
67138,3713,JM
67139,3713,JM
67140,3713,JM
67142,3713,JM
67151,3713,JM
67152,3713,JM
67153,3713,JM
67154,3713,JM
67155,3713,JM
67156,3713,JM
67161,3713,JM
67162,3713,JM
67163,3713,JM
67164,3713,JM
67165,3713,JM
67167,3713,JM
67168,3713,JM
67169,3713,JM
67171,3713,JM
67172,3713,JM
67173,3713,JM
67175,3703,JM
67175,3713,JM
67176,3713,JM
67177,3703,JM
67178,3703,JM
67178,3713,JM
67181,3713,JM
67182,3713,JM
67201,3713,JM
67401,3710,VY
67501,3710,VY
67502,3710,VY
67503,3707,VY
67503,3710,VY
67504,3710,VY
67505,3714,VY
67505,3710,VY
67506,3710,VY
67507,3710,VY
67508,3710,VY
67521,3707,VY
67521,3710,VY
67522,3710,VY
67523,3710,VY
67524,3710,VY
67525,3710,VY
67526,3707,VY
67526,3710,VY
67527,3707,VY
67527,3710,VY
67528,3710,VY
67529,3707,VY
67531,3710,VY
67532,3710,VY
67533,3710,VY
67534,3710,VY
67541,3710,VY
67542,3710,VY
67543,3710,VY
67544,3710,VY
67545,3710,VY
67550,3710,VY
67551,3710,VY
67552,3710,VY
67553,3710,VY
67554,3710,VY
67555,3710,VY
67556,3710,VY
67557,3710,VY
67559,3710,VY
67560,3710,VY
67571,3710,VY
67573,3710,VY
67574,3710,VY
67575,3703,JM
67575,3710,VY
67576,3710,VY
67577,3710,VY
67578,3710,VY
67579,3714,VY
67602,3710,VY
67801,3701,JM
67901,3701,JM
67902,3701,JM
67903,3701,JM
67904,3701,JM
67905,3701,JM
67905,3703,JM
67906,3701,JM
67907,3701,JM
67911,3701,JM
67913,3701,JM
67914,3701,JM
67915,3701,JM
67921,3701,JM
67922,3701,JM
67923,3703,JM
67924,3703,JM
67931,3701,JM
67932,3701,JM
67933,3701,JM
67934,3701,JM
67935,3701,JM
67936,3701,JM
67937,3701,JM
67938,3701,JM
67939,3701,JM
67951,3701,JM
67952,3701,JM
67953,3701,JM
67961,3701,JM
67962,3701,JM
67963,3701,JM
67971,3701,JM
67972,3701,JM
67973,3701,JM
67974,3701,JM
67975,3701,JM
67976,3701,JM
68001,3701,JM
68201,3712,JM
68301,3703,JM
68301,3712,JM
68303,3712,JM
68304,3712,JM
68305,3712,JM
68308,3712,JM
68321,3712,JM
68323,3712,JM
68333,3706,JM
68333,3712,JM
68335,3712,JM
68341,3712,JM
68351,3712,JM
68352,3712,JM
68354,3712,JM
68401,3712,JM
68501,3706,JM
68501,3712,JM
68601,3711,ZL
68603,3711,ZL
68604,3711,ZL
68605,3711,ZL
68606,3711,ZL
68609,3711,ZL
68703,3711,ZL
68704,3711,ZL
68705,3711,ZL
68706,3711,ZL
68707,3711,ZL
68708,3711,ZL
68709,3711,ZL
68710,3711,ZL
68711,3711,ZL
68712,3711,ZL
68713,3711,ZL
68722,3711,ZL
68723,3711,ZL
68724,3711,ZL
68725,3711,ZL
68731,3711,ZL
68732,3711,ZL
68733,3711,ZL
68734,3711,ZL
68737,3711,ZL
68738,3711,ZL
68741,3711,ZL
68742,3711,ZL
68751,3711,ZL
68752,3711,ZL
68753,3711,ZL
68754,3711,ZL
68755,3711,ZL
68756,3711,ZL
68761,3711,ZL
68762,3711,ZL
68763,3711,ZL
68764,3711,ZL
68765,3711,ZL
68766,3711,ZL
68767,3711,ZL
68771,3711,ZL
68774,3711,ZL
68801,3711,ZL
69002,3704,JM
69003,3704,JM
69006,3704,JM
69101,3704,JM
69102,3704,JM
69103,3704,JM
69104,3704,JM
69105,3704,JM
69106,3704,JM
69107,3704,JM
69108,3704,JM
69109,3704,JM
69110,3704,JM
69111,3704,JM
69112,3704,JM
69121,3704,JM
69122,3703,JM
69123,3703,JM
69124,3703,JM
69125,3703,JM
69126,3704,JM
69127,3704,JM
69129,3704,JM
69130,3703,JM
69141,3704,JM
69142,3704,JM
69143,3704,JM
69144,3704,JM
69145,3704,JM
69146,3704,JM
69151,3704,JM
69152,3704,JM
69153,3704,JM
69154,3704,JM
69155,3704,JM
69156,3704,JM
69162,3704,JM
69163,3704,JM
69164,3703,JM
69164,3704,JM
69165,3704,JM
69167,3704,JM
69168,3704,JM
69171,3704,JM
69172,3704,JM
69173,3704,JM
69173,3706,JM
69174,3704,JM
69175,3704,JM
69176,3704,JM
69181,3704,JM
69182,3704,JM
69183,3704,JM
69185,3704,JM
69186,3704,JM
69188,3704,JM
69189,3704,JM
69201,3704,JM
69301,3704,JM
69501,3706,JM
69601,3706,JM
69602,3706,JM
69603,3706,JM
69604,3706,JM
69605,3706,JM
69606,3706,JM
69611,3706,JM
69612,3706,JM
69613,3706,JM
69614,3706,JM
69615,3706,JM
69616,3706,JM
69617,3706,JM
69618,3706,JM
69619,3706,JM
69621,3706,JM
69631,3706,JM
69632,3706,JM
69633,3706,JM
69634,3706,JM
69635,3706,JM
69636,3706,JM
69637,3706,JM
69638,3706,JM
69639,3706,JM
69641,3706,JM
69642,3706,JM
69647,3706,JM
69648,3706,JM
69649,3706,JM
69650,3706,JM
69651,3706,JM
69655,3706,JM
69661,3706,JM
69662,3706,JM
69663,3706,JM
69664,3706,JM
69665,3706,JM
69666,3706,JM
69667,3706,JM
69671,3706,JM
69672,3706,JM
69673,3706,JM
69674,3706,JM
69676,3706,JM
69681,3706,JM
69683,3706,JM
69684,3706,JM
69685,3706,JM
69701,3706,JM
69801,3706,JM
70030,3807,MO
70200,3807,MO
70300,3807,MO
70800,3807,MO
70900,3807,MO
71000,3807,MO
71100,3807,MO
71100,3806,MO
71200,3807,MO
71300,3807,MO
71500,3807,MO
71600,3807,MO
71700,3807,MO
71800,3807,MO
71900,3807,MO
72000,3807,MO
72100,3807,MO
72200,3807,MO
72300,3807,MO
72400,3807,MO
72525,3807,MO
72526,3807,MO
72527,3807,MO
72528,3807,MO
72529,3807,MO
73301,3803,MO
73401,3803,MO
73503,3803,MO
73506,3803,MO
73511,3803,MO
73514,3803,MO
73531,3803,MO
73532,3803,MO
73533,3803,MO
73534,3803,MO
73535,3803,MO
73541,3803,MO
73542,3803,MO
73543,3803,MO
73551,3803,MO
73552,3803,MO
73553,3803,MO
73561,3803,MO
73562,3803,MO
73564,3803,MO
73571,3803,MO
73572,3803,MO
73581,3803,MO
73601,3802,MO
73601,3803,MO
73701,3803,MO
73801,3802,MO
73901,3802,MO
73904,3802,MO
73911,3802,MO
73912,3802,MO
73913,3802,MO
73914,3802,MO
73915,3802,MO
73921,3802,MO
73923,3807,MO
73924,3802,MO
73924,3807,MO
73925,3802,MO
73932,3802,MO
73932,3807,MO
73934,3807,MO
73936,3802,MO
73937,3802,MO
73937,3803,MO
73938,3802,MO
73939,3802,MO
73941,3802,MO
73942,3802,MO
73943,3802,MO
73944,3802,MO
73945,3802,MO
73946,3802,MO
73947,3802,MO
73949,3802,MO
73951,3802,MO
73953,3802,MO
73955,3802,MO
73959,3802,MO
73961,3802,MO
73981,3802,MO
73984,3802,MO
73985,3802,MO
73991,3802,MO
73992,3802,MO
73994,3802,MO
73995,3802,MO
73997,3802,MO
73998,3802,MO
74101,3804,MO
74201,3804,MO
74213,3804,MO
74221,3804,MO
74231,3804,MO
74233,3804,MO
74235,3804,MO
74236,3804,MO
74237,3804,MO
74242,3804,MO
74243,3804,MO
74245,3804,MO
74247,3804,MO
74251,3804,MO
74253,3804,MO
74254,3804,MO
74255,3804,MO
74256,3804,MO
74257,3804,MO
74258,3802,MO
74258,3804,MO
74260,3804,MO
74265,3804,MO
74266,3804,MO
74267,3804,MO
74271,3804,MO
74272,3804,MO
74273,3804,MO
74274,3804,MO
74275,3804,MO
74281,3804,MO
74282,3804,MO
74283,3807,MO
74285,3807,MO
74291,3804,MO
74292,3804,MO
74293,3804,MO
74301,3806,MO
74301,3807,MO
74301,3804,MO
74401,3804,MO
74601,3806,MO
74705,3806,MO
74706,3806,MO
74707,3806,MO
74711,3806,MO
74714,3806,MO
74715,3806,MO
74716,3806,MO
74717,3806,MO
74718,3806,MO
74719,3806,MO
74720,3806,MO
74721,3806,MO
74722,3806,MO
74723,3806,MO
74724,3806,MO
74725,3806,MO
74727,3806,MO
74728,3806,MO
74731,3806,MO
74733,3806,MO
74735,3806,MO
74741,3806,MO
74743,3806,MO
74744,3806,MO
74745,3806,MO
74747,3806,MO
74751,3806,MO
74752,3806,MO
74753,3806,MO
74754,3806,MO
74755,3806,MO
74756,3806,MO
74757,3806,MO
74761,3806,MO
74762,3806,MO
74763,3806,MO
74764,3806,MO
74764,3807,MO
74766,3807,MO
74767,3806,MO
74768,3806,MO
74769,3806,MO
74770,3806,MO
74771,3806,MO
74773,3806,MO
74774,3806,MO
74775,3806,MO
74781,3806,MO
74782,3806,MO
74784,3806,MO
74786,3806,MO
74787,3806,MO
74791,3806,MO
74792,3806,MO
74794,3806,MO
74795,3806,MO
74801,3806,MO
74901,3806,MO
75002,3808,OL
75101,3808,OL
75102,3808,OL
75103,3805,OL
75103,3808,OL
75104,3808,OL
75105,3808,OL
75111,3808,OL
75114,3808,OL
75115,3808,OL
75116,3808,OL
75117,3808,OL
75118,3808,OL
75119,3808,OL
75121,3808,OL
75122,3808,OL
75123,3808,OL
75124,3808,OL
75125,3808,OL
75127,3808,OL
75131,3805,OL
75131,3808,OL
75144,3808,OL
75201,3808,OL
75301,3808,OL
75352,3808,OL
75353,3808,OL
75354,3808,OL
75355,3808,OL
75356,3808,OL
75361,3808,OL
75362,3808,OL
75363,3808,OL
75364,3808,OL
75366,3808,OL
75367,3808,OL
75368,3808,OL
75501,3810,ZL
75601,3810,ZL
75602,3810,ZL
75603,3810,ZL
75604,3810,ZL
75605,3810,ZL
75606,3810,ZL
75607,3810,ZL
75611,3810,ZL
75612,3705,ZL
75612,3810,ZL
75614,3810,ZL
75621,3810,ZL
75622,3810,ZL
75623,3810,ZL
75624,3810,ZL
75625,3810,ZL
75627,3810,ZL
75631,3810,ZL
75641,3810,ZL
75642,3810,ZL
75643,3810,ZL
75644,3810,ZL
75645,3810,ZL
75651,3810,ZL
75652,3810,ZL
75653,3810,ZL
75654,3810,ZL
75655,3810,ZL
75656,3810,ZL
75657,3810,ZL
75661,3810,ZL
75662,3810,ZL
75663,3810,ZL
75701,3810,ZL
76001,3705,ZL
76005,3705,ZL
76301,3705,ZL
76302,3705,ZL
76307,3705,ZL
76310,3705,ZL
76311,3705,ZL
76312,3705,ZL
76313,3705,ZL
76314,3705,ZL
76315,3705,ZL
76316,3705,ZL
76317,3705,ZL
76318,3705,ZL
76319,3705,ZL
76321,3705,ZL
76323,3705,ZL
76324,3705,ZL
76325,3705,ZL
76326,3705,ZL
76331,3705,ZL
76332,3705,ZL
76333,3705,ZL
76334,3705,ZL
76341,3705,ZL
76345,3705,ZL
76351,3705,ZL
76361,3705,ZL
76362,3705,ZL
76363,3705,ZL
76364,3705,ZL
76502,3705,ZL
76601,3705,ZL
76701,3708,ZL
76801,3708,ZL
76802,3708,ZL
76803,3708,ZL
76804,3708,ZL
76805,3708,ZL
76811,3708,ZL
76812,3708,ZL
76813,3708,ZL
76821,3705,ZL
76821,3708,ZL
76823,3708,ZL
76824,3708,ZL
76831,3708,ZL
76832,3708,ZL
76833,3708,ZL
76834,3708,ZL
76841,3705,ZL
76841,3708,ZL
76842,3708,ZL
76843,3708,ZL
76852,3708,ZL
76861,3708,ZL
76871,3708,ZL
76872,3708,ZL
76875,3708,ZL
76901,3708,ZL
77900,3805,OL
78301,3805,OL
78305,3805,OL
78306,3805,OL
78307,3805,OL
78313,3805,OL
78314,3805,OL
78316,3805,OL
78321,3805,OL
78322,3805,OL
78324,3805,OL
78325,3805,OL
78332,3805,OL
78333,3805,OL
78335,3805,OL
78336,3805,OL
78342,3709,OL
78342,3805,OL
78344,3805,OL
78345,3805,OL
78346,3805,OL
78347,3805,OL
78349,3805,OL
78353,3805,OL
78354,3805,OL
78355,3805,OL
78356,3805,OL
78357,3805,OL
78361,3805,OL
78365,3805,OL
78372,3805,OL
78373,3805,OL
78375,3805,OL
78383,3805,OL
78385,3805,OL
78386,3801,MO
78386,3805,OL
78391,3805,OL
78396,3805,OL
78397,3805,OL
78401,3805,OL
78501,3805,OL
78701,3809,OL
78801,3809,OL
78803,3809,OL
78804,3809,OL
78805,3809,OL
78811,3809,OL
78813,3809,OL
78814,3809,OL
78815,3809,OL
78816,3809,OL
78820,3809,OL
78821,3809,OL
78823,3809,OL
78825,3809,OL
78825,3811,OL
78832,3809,OL
78833,3809,OL
78833,3611,PA
78901,3809,OL
78961,3809,OL
78962,3809,OL
78963,3809,OL
78964,3809,OL
78969,3809,OL
78971,3809,OL
78972,3809,OL
78973,3809,OL
78974,3809,OL
78975,3809,OL
78982,3809,OL
78983,3809,OL
78985,3809,OL
78991,3809,OL
79001,3811,OL
79051,3811,OL
79052,3811,OL
79053,3811,OL
79054,3811,OL
79055,3811,OL
79057,3811,OL
79058,3811,OL
79061,3811,OL
79063,3811,OL
79064,3811,OL
79065,3811,OL
79069,3811,OL
79070,3811,OL
79081,3811,OL
79082,3811,OL
79084,3811,OL
79201,3801,MO
79302,3801,MO
79303,3801,MO
79305,3801,MO
79305,3805,OL
79312,3801,MO
79312,3806,MO
79315,3801,MO
79316,3801,MO
79323,3801,MO
79324,3801,MO
79326,3801,MO
79331,3801,MO
79336,3801,MO
79342,3801,MO
79344,3801,MO
79351,3801,MO
79351,3805,OL
79356,3801,MO
79368,3801,MO
79371,3801,MO
79374,3801,MO
79376,3811,OL
79382,3801,MO
79383,3801,MO
79384,3801,MO
79391,3801,MO
79393,3801,MO
79395,3801,MO
79397,3801,MO
79399,3801,MO
79401,3801,MO
79501,3801,MO
79601,3709,OL
79603,3709,OL
79604,3709,OL
79607,3709,OL
79802,3709,OL
79803,3709,OL
79804,3709,OL
79805,3709,OL
79806,3709,OL
79807,3709,OL
79808,3709,OL
79809,3709,OL
79811,3709,OL
79812,3709,OL
79813,3709,OL
79814,3709,OL
79816,3709,OL
79817,3709,OL
79821,3709,OL
79823,3709,OL
79824,3709,OL
79825,3709,OL
79826,3709,OL
79827,3709,OL
79828,3709,OL
79829,3709,OL
79830,3709,OL
79841,3709,OL
79842,3709,OL
79843,3709,OL
79844,3709,OL
79845,3709,OL
79846,3709,OL
79847,3709,OL
79848,3709,OL
79849,3709,OL
79851,3709,OL
79852,3709,OL
79853,3709,OL
79854,3709,OL
79855,3709,OL
79856,3709,OL
79857,3709,OL
79858,3709,OL
79861,3709,OL
79862,3709,OL
